album_name,album_type
Easy On Me,single
STAY (with Justin Bieber),single
Merry Christmas,album
Merry Christmas From Brenda Lee,album
Jingle Bell Rock/Captain Santa Claus (And His Reindeer Space Patrol),single
INDUSTRY BABY (feat. Jack Harlow),single
Have A Holly Jolly Christmas,album
Dreamland,album
=,album
Planet Her,album
The Andy Williams Christmas Album,album
Cold Heart (PNAU Remix),single
Smokin Out The Window,single
LAST CHRISTMAS,single
Feliz Navidad,album
The Christmas Song (Expanded Edition),album
A Christmas Gift For You From Phil Spector,compilation
Greatest Christmas Songs,album
Red (Taylor's Version),album
Christmas Songs by Sinatra,album
Country Stuff,single
abcdefu,single
Holiday Inn (Original Motion Picture Soundtrack),album
SOUR,album
Wrapped In Red,album
Made In Lagos,album
Certified Lover Boy,album
Chosen,album
One Right Now,single
Kiss Me More (feat. SZA),single
Santa Tell Me,single
30,album
Save Your Tears (Remix),single
GHOST TOWN,single
Rock 'N' Roll Rarities,album
If I Didn't Love You,single
MONTERO,album
Happier Than Ever,album
Better Days (NEIKED x Mae Muller x Polo G),single
A Perry Como Christmas,album
CKay The First,album
THE ANXIETY,album
Thinking 'Bout You (feat. MacKenzie Porter),single
My Universe,single
What You See Ain't Always What You Get (Deluxe Edition),album
"Who Want Smoke?? (feat. G Herbo, Lil Durk & 21 Savage)",single
Buy Dirt,album
Sniper Gang Presents Syko Bob & Snapkatt: Nightmare Babies,album
Pepas,single
Starting Over,album
By Your Side,single
No Love Lost (Deluxe),album
Same Boat,single
Whiskey And Rain,single
Have Mercy,single
Wild Side (feat. Cardi B),single
Dangerous: The Double Album,album
One Mississippi,single
Here And Now,album
family ties (with Kendrick Lamar),single
Enemy (with JID) [from the series Arcane League of Legends],single
GYALIS,single
Big Energy,single
Sharing Locations (feat. Lil Baby & Lil Durk),single
Still Over It,album
Already Dead,single
Cup for Us,album
Heartache Medication,album
Bettie James,album
Just About Over You,single
Punk,album
Bad Man (Smooth Criminal),single
For Tonight,single
Poke It Out (feat. J. Cole),single
Human The Double Album,album
A Gangsta’s Pain: Reloaded,album
Memory I Don't Mess With,single
Heart,album
half of my hometown,single
Moth To A Flame,single
Always Been You,single
Who's In Your Head,single
"Sincerely, Kentrell",album
Free Dem Boyz,album
Volví,single
